Date as of,First week,Last week,State,County name,FIPS County Code,Deaths involving COVID-19,Deaths from All Causes
07/22/2020,02/01/2020,07/18/2020,AL,Autauga County,1001,12,230
07/22/2020,02/01/2020,07/18/2020,AL,Butler County,1013,19,112
07/22/2020,02/01/2020,07/18/2020,AL,Colbert County,1033,13,289
07/22/2020,02/01/2020,07/18/2020,AL,Covington County,1039,21,246
07/22/2020,02/01/2020,07/18/2020,AL,Dallas County,1047,14,219
07/22/2020,02/01/2020,07/18/2020,AL,Elmore County,1051,24,340
07/22/2020,02/01/2020,07/18/2020,AL,Etowah County,1055,16,707
07/22/2020,02/01/2020,07/18/2020,AL,Houston County,1069,65,883
07/22/2020,02/01/2020,07/18/2020,AL,Jefferson County,1073,237,4483
07/22/2020,02/01/2020,07/18/2020,AL,Lee County,1081,72,585
07/22/2020,02/01/2020,07/18/2020,AL,Madison County,1089,26,1864
07/22/2020,02/01/2020,07/18/2020,AL,Marshall County,1095,15,537
07/22/2020,02/01/2020,07/18/2020,AL,Mobile County,1097,196,2441
07/22/2020,02/01/2020,07/18/2020,AL,Montgomery County,1101,180,1466
07/22/2020,02/01/2020,07/18/2020,AL,Morgan County,1103,10,611
07/22/2020,02/01/2020,07/18/2020,AL,Shelby County,1117,26,632
07/22/2020,02/01/2020,07/18/2020,AL,Tallapoosa County,1123,56,281
07/22/2020,02/01/2020,07/18/2020,AL,Tuscaloosa County,1125,87,1051
07/22/2020,02/01/2020,07/18/2020,AL,Walker County,1127,21,447
07/22/2020,02/01/2020,07/18/2020,AZ,Apache County,4001,24,214
07/22/2020,02/01/2020,07/18/2020,AZ,Cochise County,4003,14,525
07/22/2020,02/01/2020,07/18/2020,AZ,Coconino County,4005,105,607
07/22/2020,02/01/2020,07/18/2020,AZ,Gila County,4007,10,346
07/22/2020,02/01/2020,07/18/2020,AZ,Maricopa County,4013,1457,19667
07/22/2020,02/01/2020,07/18/2020,AZ,Mohave County,4015,100,1685
07/22/2020,02/01/2020,07/18/2020,AZ,Navajo County,4017,35,498
07/22/2020,02/01/2020,07/18/2020,AZ,Pima County,4019,433,5946
07/22/2020,02/01/2020,07/18/2020,AZ,Pinal County,4021,45,1282
07/22/2020,02/01/2020,07/18/2020,AZ,Yavapai County,4025,36,1515
07/22/2020,02/01/2020,07/18/2020,AZ,Yuma County,4027,179,1035
07/22/2020,02/01/2020,07/18/2020,AR,Benton County,5007,55,893
07/22/2020,02/01/2020,07/18/2020,AR,Craighead County,5031,25,897
07/22/2020,02/01/2020,07/18/2020,AR,Crittenden County,5035,11,159
07/22/2020,02/01/2020,07/18/2020,AR,Jefferson County,5069,36,458
07/22/2020,02/01/2020,07/18/2020,AR,Pulaski County,5119,102,2995
07/22/2020,02/01/2020,07/18/2020,AR,Union County,5139,10,258
07/22/2020,02/01/2020,07/18/2020,AR,Washington County,5143,47,1085
07/22/2020,02/01/2020,07/18/2020,CA,Alameda County,6001,159,5024
07/22/2020,02/01/2020,07/18/2020,CA,Contra Costa County,6013,85,3830
07/22/2020,02/01/2020,07/18/2020,CA,Fresno County,6019,96,3653
07/22/2020,02/01/2020,07/18/2020,CA,Imperial County,6025,83,519
07/22/2020,02/01/2020,07/18/2020,CA,Kern County,6029,103,3043
07/22/2020,02/01/2020,07/18/2020,CA,Kings County,6031,53,455
07/22/2020,02/01/2020,07/18/2020,CA,Los Angeles County,6037,3464,35138
07/22/2020,02/01/2020,07/18/2020,CA,Marin County,6041,24,930
07/22/2020,02/01/2020,07/18/2020,CA,Monterey County,6053,15,1279
07/22/2020,02/01/2020,07/18/2020,CA,Orange County,6059,520,10273
07/22/2020,02/01/2020,07/18/2020,CA,Placer County,6061,24,1872
07/22/2020,02/01/2020,07/18/2020,CA,Riverside County,6065,600,8869
07/22/2020,02/01/2020,07/18/2020,CA,Sacramento County,6067,84,5926
07/22/2020,02/01/2020,07/18/2020,CA,San Bernardino County,6071,379,7475
07/22/2020,02/01/2020,07/18/2020,CA,San Diego County,6073,550,11301
07/22/2020,02/01/2020,07/18/2020,CA,San Francisco County,6075,57,2965
07/22/2020,02/01/2020,07/18/2020,CA,San Joaquin County,6077,76,2662
07/22/2020,02/01/2020,07/18/2020,CA,San Mateo County,6081,121,2296
07/22/2020,02/01/2020,07/18/2020,CA,Santa Barbara County,6083,44,1558
07/22/2020,02/01/2020,07/18/2020,CA,Santa Clara County,6085,164,5440
07/22/2020,02/01/2020,07/18/2020,CA,Solano County,6095,32,1661
07/22/2020,02/01/2020,07/18/2020,CA,Sonoma County,6097,11,2020
07/22/2020,02/01/2020,07/18/2020,CA,Stanislaus County,6099,80,2449
07/22/2020,02/01/2020,07/18/2020,CA,Tulare County,6107,144,1575
07/22/2020,02/01/2020,07/18/2020,CA,Ventura County,6111,65,2767
07/22/2020,02/01/2020,07/18/2020,CA,Yolo County,6113,20,566
07/22/2020,02/01/2020,07/18/2020,CO,Adams County,8001,223,1850
07/22/2020,02/01/2020,07/18/2020,CO,Arapahoe County,8005,368,2464
07/22/2020,02/01/2020,07/18/2020,CO,Boulder County,8013,78,1192
07/22/2020,02/01/2020,07/18/2020,CO,Broomfield County,8014,20,168
07/22/2020,02/01/2020,07/18/2020,CO,Chaffee County,8015,17,105
07/22/2020,02/01/2020,07/18/2020,CO,Denver County,8031,288,2746
07/22/2020,02/01/2020,07/18/2020,CO,Douglas County,8035,59,830
07/22/2020,02/01/2020,07/18/2020,CO,El Paso County,8041,113,2508
07/22/2020,02/01/2020,07/18/2020,CO,Jefferson County,8059,199,2467
07/22/2020,02/01/2020,07/18/2020,CO,Larimer County,8069,42,1243
07/22/2020,02/01/2020,07/18/2020,CO,Montrose County,8085,11,208
07/22/2020,02/01/2020,07/18/2020,CO,Morgan County,8087,38,139
07/22/2020,02/01/2020,07/18/2020,CO,Pueblo County,8101,26,1035
07/22/2020,02/01/2020,07/18/2020,CO,Weld County,8123,112,853
07/22/2020,02/01/2020,07/18/2020,CT,Fairfield County,9001,1319,4096
07/22/2020,02/01/2020,07/18/2020,CT,Hartford County,9003,1290,4816
07/22/2020,02/01/2020,07/18/2020,CT,Litchfield County,9005,123,725
07/22/2020,02/01/2020,07/18/2020,CT,Middlesex County,9007,163,717
07/22/2020,02/01/2020,07/18/2020,CT,New Haven County,9009,987,4367
07/22/2020,02/01/2020,07/18/2020,CT,New London County,9011,94,981
07/22/2020,02/01/2020,07/18/2020,CT,Tolland County,9013,43,327
07/22/2020,02/01/2020,07/18/2020,CT,Windham County,9015,12,398
07/22/2020,02/01/2020,07/18/2020,DE,Kent County,10001,96,899
07/22/2020,02/01/2020,07/18/2020,DE,New Castle County,10003,251,2600
07/22/2020,02/01/2020,07/18/2020,DE,Sussex County,10005,170,1324
07/22/2020,02/01/2020,07/18/2020,DC,District of Columbia,11001,644,3511
07/22/2020,02/01/2020,07/18/2020,FL,Alachua County,12001,42,1721
07/22/2020,02/01/2020,07/18/2020,FL,Brevard County,12009,36,3588
07/22/2020,02/01/2020,07/18/2020,FL,Broward County,12011,499,7879
07/22/2020,02/01/2020,07/18/2020,FL,Charlotte County,12015,71,1510
07/22/2020,02/01/2020,07/18/2020,FL,Citrus County,12017,14,1336
07/22/2020,02/01/2020,07/18/2020,FL,Clay County,12019,27,1059
07/22/2020,02/01/2020,07/18/2020,FL,Collier County,12021,99,1902
07/22/2020,02/01/2020,07/18/2020,FL,Columbia County,12023,11,461
07/22/2020,02/01/2020,07/18/2020,FL,Duval County,12031,109,4879
07/22/2020,02/01/2020,07/18/2020,FL,Escambia County,12033,67,2279
07/22/2020,02/01/2020,07/18/2020,FL,Hendry County,12051,13,99
07/22/2020,02/01/2020,07/18/2020,FL,Hernando County,12053,11,1413
07/22/2020,02/01/2020,07/18/2020,FL,Highlands County,12055,13,864
07/22/2020,02/01/2020,07/18/2020,FL,Hillsborough County,12057,214,6024
07/22/2020,02/01/2020,07/18/2020,FL,Indian River County,12061,13,1103
07/22/2020,02/01/2020,07/18/2020,FL,Lake County,12069,37,1978
07/22/2020,02/01/2020,07/18/2020,FL,Lee County,12071,199,3885
07/22/2020,02/01/2020,07/18/2020,FL,Leon County,12073,36,1399
07/22/2020,02/01/2020,07/18/2020,FL,Manatee County,12081,165,2273
07/22/2020,02/01/2020,07/18/2020,FL,Marion County,12083,17,2497
07/22/2020,02/01/2020,07/18/2020,FL,Martin County,12085,65,1013
07/22/2020,02/01/2020,07/18/2020,FL,Miami-Dade County,12086,1070,11158
07/22/2020,02/01/2020,07/18/2020,FL,Orange County,12095,111,4786
07/22/2020,02/01/2020,07/18/2020,FL,Osceola County,12097,42,1205
07/22/2020,02/01/2020,07/18/2020,FL,Palm Beach County,12099,560,8229
07/22/2020,02/01/2020,07/18/2020,FL,Pasco County,12101,38,3094
07/22/2020,02/01/2020,07/18/2020,FL,Pinellas County,12103,278,6307
07/22/2020,02/01/2020,07/18/2020,FL,Polk County,12105,156,3574
07/22/2020,02/01/2020,07/18/2020,FL,St. Lucie County,12111,42,1677
07/22/2020,02/01/2020,07/18/2020,FL,Sarasota County,12115,91,3043
07/22/2020,02/01/2020,07/18/2020,FL,Seminole County,12117,19,1647
07/22/2020,02/01/2020,07/18/2020,FL,Volusia County,12127,80,3789
07/22/2020,02/01/2020,07/18/2020,FL,Washington County,12133,10,135
07/22/2020,02/01/2020,07/18/2020,GA,Appling County,13001,12,71
07/22/2020,02/01/2020,07/18/2020,GA,Baldwin County,13009,37,217
07/22/2020,02/01/2020,07/18/2020,GA,Barrow County,13013,18,217
07/22/2020,02/01/2020,07/18/2020,GA,Bartow County,13015,33,466
07/22/2020,02/01/2020,07/18/2020,GA,Bibb County,13021,70,1330
07/22/2020,02/01/2020,07/18/2020,GA,Butts County,13035,18,128
07/22/2020,02/01/2020,07/18/2020,GA,Carroll County,13045,39,545
07/22/2020,02/01/2020,07/18/2020,GA,Chatham County,13051,51,1676
07/22/2020,02/01/2020,07/18/2020,GA,Cherokee County,13057,26,593
07/22/2020,02/01/2020,07/18/2020,GA,Clarke County,13059,37,752
07/22/2020,02/01/2020,07/18/2020,GA,Clayton County,13063,32,615
07/22/2020,02/01/2020,07/18/2020,GA,Cobb County,13067,225,2569
07/22/2020,02/01/2020,07/18/2020,GA,Coffee County,13069,18,185
07/22/2020,02/01/2020,07/18/2020,GA,Colquitt County,13071,18,259
07/22/2020,02/01/2020,07/18/2020,GA,Coweta County,13077,14,447
07/22/2020,02/01/2020,07/18/2020,GA,Crisp County,13081,16,160
07/22/2020,02/01/2020,07/18/2020,GA,DeKalb County,13089,145,2307
07/22/2020,02/01/2020,07/18/2020,GA,Dougherty County,13095,155,742
07/22/2020,02/01/2020,07/18/2020,GA,Douglas County,13097,13,380
07/22/2020,02/01/2020,07/18/2020,GA,Early County,13099,14,67
07/22/2020,02/01/2020,07/18/2020,GA,Fayette County,13113,46,513
07/22/2020,02/01/2020,07/18/2020,GA,Floyd County,13115,28,737
07/22/2020,02/01/2020,07/18/2020,GA,Forsyth County,13117,23,714
07/22/2020,02/01/2020,07/18/2020,GA,Fulton County,13121,328,4167
07/22/2020,02/01/2020,07/18/2020,GA,Gordon County,13129,14,244
07/22/2020,02/01/2020,07/18/2020,GA,Gwinnett County,13135,140,1960
07/22/2020,02/01/2020,07/18/2020,GA,Habersham County,13137,27,202
07/22/2020,02/01/2020,07/18/2020,GA,Hall County,13139,80,1236
07/22/2020,02/01/2020,07/18/2020,GA,Henry County,13151,30,842
07/22/2020,02/01/2020,07/18/2020,GA,Houston County,13153,34,605
07/22/2020,02/01/2020,07/18/2020,GA,Lowndes County,13185,31,500
07/22/2020,02/01/2020,07/18/2020,GA,Mitchell County,13205,15,95
07/22/2020,02/01/2020,07/18/2020,GA,Monroe County,13207,11,133
07/22/2020,02/01/2020,07/18/2020,GA,Muscogee County,13215,78,1286
07/22/2020,02/01/2020,07/18/2020,GA,Newton County,13217,10,330
07/22/2020,02/01/2020,07/18/2020,GA,Richmond County,13245,122,1781
07/22/2020,02/01/2020,07/18/2020,GA,Rockdale County,13247,10,342
07/22/2020,02/01/2020,07/18/2020,GA,Spalding County,13255,52,548
07/22/2020,02/01/2020,07/18/2020,GA,Sumter County,13261,30,163
07/22/2020,02/01/2020,07/18/2020,GA,Thomas County,13275,53,359
07/22/2020,02/01/2020,07/18/2020,GA,Tift County,13277,57,309
07/22/2020,02/01/2020,07/18/2020,GA,Troup County,13285,37,374
07/22/2020,02/01/2020,07/18/2020,GA,Upson County,13293,47,255
07/22/2020,02/01/2020,07/18/2020,GA,Walton County,13297,27,400
07/22/2020,02/01/2020,07/18/2020,GA,Ware County,13299,18,297
07/22/2020,02/01/2020,07/18/2020,GA,Whitfield County,13313,17,402
07/22/2020,02/01/2020,07/18/2020,HI,Honolulu County,15003,15,3824
07/22/2020,02/01/2020,07/18/2020,ID,Ada County,16001,41,1782
07/22/2020,02/01/2020,07/18/2020,ID,Canyon County,16027,10,698
07/22/2020,02/01/2020,07/18/2020,ID,Nez Perce County,16069,17,262
07/22/2020,02/01/2020,07/18/2020,ID,Twin Falls County,16083,33,447
07/22/2020,02/01/2020,07/18/2020,IL,Boone County,17007,11,176
07/22/2020,02/01/2020,07/18/2020,IL,Champaign County,17019,19,847
07/22/2020,02/01/2020,07/18/2020,IL,Coles County,17029,14,297
07/22/2020,02/01/2020,07/18/2020,IL,Cook County,17031,4538,25219
07/22/2020,02/01/2020,07/18/2020,IL,DeKalb County,17037,19,406
07/22/2020,02/01/2020,07/18/2020,IL,DuPage County,17043,458,3852
07/22/2020,02/01/2020,07/18/2020,IL,Jackson County,17077,29,317
07/22/2020,02/01/2020,07/18/2020,IL,Jefferson County,17081,13,270
07/22/2020,02/01/2020,07/18/2020,IL,Kane County,17089,246,1874
07/22/2020,02/01/2020,07/18/2020,IL,Kankakee County,17091,62,640
07/22/2020,02/01/2020,07/18/2020,IL,Lake County,17097,342,2968
07/22/2020,02/01/2020,07/18/2020,IL,LaSalle County,17099,10,507
07/22/2020,02/01/2020,07/18/2020,IL,McDonough County,17109,16,152
07/22/2020,02/01/2020,07/18/2020,IL,McHenry County,17111,74,886
07/22/2020,02/01/2020,07/18/2020,IL,McLean County,17113,17,626
07/22/2020,02/01/2020,07/18/2020,IL,Macon County,17115,19,603
07/22/2020,02/01/2020,07/18/2020,IL,Madison County,17119,55,1313
07/22/2020,02/01/2020,07/18/2020,IL,Peoria County,17143,44,1465
07/22/2020,02/01/2020,07/18/2020,IL,Rock Island County,17161,27,771
07/22/2020,02/01/2020,07/18/2020,IL,St. Clair County,17163,118,1344
07/22/2020,02/01/2020,07/18/2020,IL,Sangamon County,17167,41,1336
07/22/2020,02/01/2020,07/18/2020,IL,Will County,17197,271,2465
07/22/2020,02/01/2020,07/18/2020,IL,Winnebago County,17201,124,1709
07/22/2020,02/01/2020,07/18/2020,IN,Allen County,18003,170,2208
07/22/2020,02/01/2020,07/18/2020,IN,Bartholomew County,18005,52,455
07/22/2020,02/01/2020,07/18/2020,IN,Boone County,18011,36,241
07/22/2020,02/01/2020,07/18/2020,IN,Clark County,18019,41,513
07/22/2020,02/01/2020,07/18/2020,IN,Daviess County,18027,10,141
07/22/2020,02/01/2020,07/18/2020,IN,Dearborn County,18029,22,193
07/22/2020,02/01/2020,07/18/2020,IN,Decatur County,18031,20,142
07/22/2020,02/01/2020,07/18/2020,IN,Delaware County,18035,51,785
07/22/2020,02/01/2020,07/18/2020,IN,Elkhart County,18039,62,900
07/22/2020,02/01/2020,07/18/2020,IN,Floyd County,18043,53,503
07/22/2020,02/01/2020,07/18/2020,IN,Grant County,18053,24,371
07/22/2020,02/01/2020,07/18/2020,IN,Greene County,18055,29,135
07/22/2020,02/01/2020,07/18/2020,IN,Hamilton County,18057,92,1050
07/22/2020,02/01/2020,07/18/2020,IN,Hancock County,18059,29,305
07/22/2020,02/01/2020,07/18/2020,IN,Harrison County,18061,14,165
07/22/2020,02/01/2020,07/18/2020,IN,Hendricks County,18063,130,794
07/22/2020,02/01/2020,07/18/2020,IN,Henry County,18065,10,253
07/22/2020,02/01/2020,07/18/2020,IN,Howard County,18067,52,570
07/22/2020,02/01/2020,07/18/2020,IN,Johnson County,18081,82,618
07/22/2020,02/01/2020,07/18/2020,IN,Lake County,18089,341,3148
07/22/2020,02/01/2020,07/18/2020,IN,La Porte County,18091,26,591
07/22/2020,02/01/2020,07/18/2020,IN,Lawrence County,18093,26,217
07/22/2020,02/01/2020,07/18/2020,IN,Madison County,18095,70,695
07/22/2020,02/01/2020,07/18/2020,IN,Marion County,18097,832,5548
07/22/2020,02/01/2020,07/18/2020,IN,Marshall County,18099,13,215
07/22/2020,02/01/2020,07/18/2020,IN,Monroe County,18105,40,679
07/22/2020,02/01/2020,07/18/2020,IN,Montgomery County,18107,17,173
07/22/2020,02/01/2020,07/18/2020,IN,Morgan County,18109,26,278
07/22/2020,02/01/2020,07/18/2020,IN,Newton County,18111,10,53
07/22/2020,02/01/2020,07/18/2020,IN,Noble County,18113,22,199
07/22/2020,02/01/2020,07/18/2020,IN,Orange County,18117,16,84
07/22/2020,02/01/2020,07/18/2020,IN,Perry County,18123,11,85
07/22/2020,02/01/2020,07/18/2020,IN,Porter County,18127,35,831
07/22/2020,02/01/2020,07/18/2020,IN,St. Joseph County,18141,79,1443
07/22/2020,02/01/2020,07/18/2020,IN,Shelby County,18145,23,209
07/22/2020,02/01/2020,07/18/2020,IN,Tippecanoe County,18157,27,756
07/22/2020,02/01/2020,07/18/2020,IN,Vanderburgh County,18163,29,1321
07/22/2020,02/01/2020,07/18/2020,IN,Vigo County,18167,21,667
07/22/2020,02/01/2020,07/18/2020,IN,Warrick County,18173,19,458
07/22/2020,02/01/2020,07/18/2020,IN,Wayne County,18177,10,527
07/22/2020,02/01/2020,07/18/2020,IA,Black Hawk County,19013,62,668
07/22/2020,02/01/2020,07/18/2020,IA,Dallas County,19049,29,209
07/22/2020,02/01/2020,07/18/2020,IA,Dubuque County,19061,23,444
07/22/2020,02/01/2020,07/18/2020,IA,Jasper County,19099,14,144
07/22/2020,02/01/2020,07/18/2020,IA,Johnson County,19103,48,825
07/22/2020,02/01/2020,07/18/2020,IA,Linn County,19113,84,972
07/22/2020,02/01/2020,07/18/2020,IA,Mahaska County,19123,16,124
07/22/2020,02/01/2020,07/18/2020,IA,Muscatine County,19139,33,172
07/22/2020,02/01/2020,07/18/2020,IA,Polk County,19153,218,2424
07/22/2020,02/01/2020,07/18/2020,IA,Pottawattamie County,19155,11,453
07/22/2020,02/01/2020,07/18/2020,IA,Poweshiek County,19157,10,104
07/22/2020,02/01/2020,07/18/2020,IA,Scott County,19163,13,857
07/22/2020,02/01/2020,07/18/2020,IA,Story County,19169,11,285
07/22/2020,02/01/2020,07/18/2020,IA,Tama County,19171,18,79
07/22/2020,02/01/2020,07/18/2020,IA,Wapello County,19179,19,201
07/22/2020,02/01/2020,07/18/2020,IA,Webster County,19187,11,225
07/22/2020,02/01/2020,07/18/2020,IA,Woodbury County,19193,84,627
07/22/2020,02/01/2020,07/18/2020,KS,Finney County,20055,13,111
07/22/2020,02/01/2020,07/18/2020,KS,Ford County,20057,11,113
07/22/2020,02/01/2020,07/18/2020,KS,Johnson County,20091,93,1957
07/22/2020,02/01/2020,07/18/2020,KS,Sedgwick County,20173,51,2717
07/22/2020,02/01/2020,07/18/2020,KS,Shawnee County,20177,19,1061
07/22/2020,02/01/2020,07/18/2020,KS,Wyandotte County,20209,83,946
07/22/2020,02/01/2020,07/18/2020,KY,Campbell County,21037,44,353
07/22/2020,02/01/2020,07/18/2020,KY,Daviess County,21059,19,596
07/22/2020,02/01/2020,07/18/2020,KY,Fayette County,21067,38,2305
07/22/2020,02/01/2020,07/18/2020,KY,Graves County,21083,24,196
07/22/2020,02/01/2020,07/18/2020,KY,Hopkins County,21107,32,337
07/22/2020,02/01/2020,07/18/2020,KY,Jefferson County,21111,267,4787
07/22/2020,02/01/2020,07/18/2020,KY,Kenton County,21117,40,809
07/22/2020,02/01/2020,07/18/2020,KY,Warren County,21227,45,752
07/22/2020,02/01/2020,07/18/2020,LA,Acadia Parish,22001,26,260
07/22/2020,02/01/2020,07/18/2020,LA,Ascension Parish,22005,26,265
07/22/2020,02/01/2020,07/18/2020,LA,Bossier Parish,22015,29,435
07/22/2020,02/01/2020,07/18/2020,LA,Caddo Parish,22017,297,1855
07/22/2020,02/01/2020,07/18/2020,LA,Calcasieu Parish,22019,68,1123
07/22/2020,02/01/2020,07/18/2020,LA,East Baton Rouge Parish,22033,482,2890
07/22/2020,02/01/2020,07/18/2020,LA,Iberia Parish,22045,33,387
07/22/2020,02/01/2020,07/18/2020,LA,Jefferson Parish,22051,678,2985
07/22/2020,02/01/2020,07/18/2020,LA,Jefferson Davis Parish,22053,10,171
07/22/2020,02/01/2020,07/18/2020,LA,Lafayette Parish,22055,96,1230
07/22/2020,02/01/2020,07/18/2020,LA,Lafourche Parish,22057,98,509
07/22/2020,02/01/2020,07/18/2020,LA,Lincoln Parish,22061,32,225
07/22/2020,02/01/2020,07/18/2020,LA,Natchitoches Parish,22069,11,144
07/22/2020,02/01/2020,07/18/2020,LA,Orleans Parish,22071,373,2142
07/22/2020,02/01/2020,07/18/2020,LA,Ouachita Parish,22073,104,933
07/22/2020,02/01/2020,07/18/2020,LA,Pointe Coupee Parish,22077,15,117
07/22/2020,02/01/2020,07/18/2020,LA,Rapides Parish,22079,98,982
07/22/2020,02/01/2020,07/18/2020,LA,St. Bernard Parish,22087,16,124
07/22/2020,02/01/2020,07/18/2020,LA,St. Charles Parish,22089,27,193
07/22/2020,02/01/2020,07/18/2020,LA,St. James Parish,22093,13,68
07/22/2020,02/01/2020,07/18/2020,LA,St. John the Baptist Parish,22095,30,154
07/22/2020,02/01/2020,07/18/2020,LA,St. Landry Parish,22097,47,443
07/22/2020,02/01/2020,07/18/2020,LA,St. Martin Parish,22099,14,179
07/22/2020,02/01/2020,07/18/2020,LA,St. Mary Parish,22101,25,212
07/22/2020,02/01/2020,07/18/2020,LA,St. Tammany Parish,22103,187,1361
07/22/2020,02/01/2020,07/18/2020,LA,Tangipahoa Parish,22105,40,613
07/22/2020,02/01/2020,07/18/2020,LA,Terrebonne Parish,22109,62,553
07/22/2020,02/01/2020,07/18/2020,LA,Union Parish,22111,14,129
07/22/2020,02/01/2020,07/18/2020,LA,Washington Parish,22117,25,213
07/22/2020,02/01/2020,07/18/2020,LA,Webster Parish,22119,12,212
07/22/2020,02/01/2020,07/18/2020,ME,Cumberland County,23005,83,1846
07/22/2020,02/01/2020,07/18/2020,ME,Kennebec County,23011,10,684
07/22/2020,02/01/2020,07/18/2020,ME,Waldo County,23027,16,146
07/22/2020,02/01/2020,07/18/2020,MD,Allegany County,24001,18,505
07/22/2020,02/01/2020,07/18/2020,MD,Anne Arundel County,24003,272,2404
07/22/2020,02/01/2020,07/18/2020,MD,Baltimore County,24005,537,4561
07/22/2020,02/01/2020,07/18/2020,MD,Calvert County,24009,14,308
07/22/2020,02/01/2020,07/18/2020,MD,Carroll County,24013,141,914
07/22/2020,02/01/2020,07/18/2020,MD,Cecil County,24015,33,481
07/22/2020,02/01/2020,07/18/2020,MD,Charles County,24017,81,533
07/22/2020,02/01/2020,07/18/2020,MD,Frederick County,24021,120,1064
07/22/2020,02/01/2020,07/18/2020,MD,Harford County,24025,58,1032
07/22/2020,02/01/2020,07/18/2020,MD,Howard County,24027,76,891
07/22/2020,02/01/2020,07/18/2020,MD,Kent County,24029,28,168
07/22/2020,02/01/2020,07/18/2020,MD,Montgomery County,24031,1005,4383
07/22/2020,02/01/2020,07/18/2020,MD,Prince George's County,24033,503,3126
07/22/2020,02/01/2020,07/18/2020,MD,St. Mary's County,24037,63,431
07/22/2020,02/01/2020,07/18/2020,MD,Talbot County,24041,18,330
07/22/2020,02/01/2020,07/18/2020,MD,Washington County,24043,33,870
07/22/2020,02/01/2020,07/18/2020,MD,Wicomico County,24045,53,693
07/22/2020,02/01/2020,07/18/2020,MD,Worcester County,24047,30,333
07/22/2020,02/01/2020,07/18/2020,MD,Baltimore city,24510,530,4618
07/22/2020,02/01/2020,07/18/2020,MA,Barnstable County,25001,133,1409
07/22/2020,02/01/2020,07/18/2020,MA,Berkshire County,25003,41,750
07/22/2020,02/01/2020,07/18/2020,MA,Bristol County,25005,528,2877
07/22/2020,02/01/2020,07/18/2020,MA,Essex County,25009,977,4235
07/22/2020,02/01/2020,07/18/2020,MA,Franklin County,25011,35,297
07/22/2020,02/01/2020,07/18/2020,MA,Hampden County,25013,629,3127
07/22/2020,02/01/2020,07/18/2020,MA,Hampshire County,25015,103,681
07/22/2020,02/01/2020,07/18/2020,MA,Middlesex County,25017,1812,6912
07/22/2020,02/01/2020,07/18/2020,MA,Norfolk County,25021,733,3340
07/22/2020,02/01/2020,07/18/2020,MA,Plymouth County,25023,591,2684
07/22/2020,02/01/2020,07/18/2020,MA,Suffolk County,25025,1229,4808
07/22/2020,02/01/2020,07/18/2020,MA,Worcester County,25027,940,4429
07/22/2020,02/01/2020,07/18/2020,MI,Alpena County,26007,13,180
07/22/2020,02/01/2020,07/18/2020,MI,Bay County,26017,24,661
07/22/2020,02/01/2020,07/18/2020,MI,Berrien County,26021,56,811
07/22/2020,02/01/2020,07/18/2020,MI,Calhoun County,26025,32,768
07/22/2020,02/01/2020,07/18/2020,MI,Genesee County,26049,260,2510
07/22/2020,02/01/2020,07/18/2020,MI,Gratiot County,26057,12,215
07/22/2020,02/01/2020,07/18/2020,MI,Hillsdale County,26059,23,220
07/22/2020,02/01/2020,07/18/2020,MI,Ingham County,26065,54,1497
07/22/2020,02/01/2020,07/18/2020,MI,Jackson County,26075,73,901
07/22/2020,02/01/2020,07/18/2020,MI,Kalamazoo County,26077,85,1472
07/22/2020,02/01/2020,07/18/2020,MI,Kent County,26081,138,2909
07/22/2020,02/01/2020,07/18/2020,MI,Lapeer County,26087,31,420
07/22/2020,02/01/2020,07/18/2020,MI,Livingston County,26093,32,648
07/22/2020,02/01/2020,07/18/2020,MI,Macomb County,26099,653,4431
07/22/2020,02/01/2020,07/18/2020,MI,Marquette County,26103,12,323
07/22/2020,02/01/2020,07/18/2020,MI,Muskegon County,26121,59,919
07/22/2020,02/01/2020,07/18/2020,MI,Oakland County,26125,1261,7176
07/22/2020,02/01/2020,07/18/2020,MI,Ottawa County,26139,36,914
07/22/2020,02/01/2020,07/18/2020,MI,Saginaw County,26145,144,1353
07/22/2020,02/01/2020,07/18/2020,MI,St. Clair County,26147,42,790
07/22/2020,02/01/2020,07/18/2020,MI,Shiawassee County,26155,19,334
07/22/2020,02/01/2020,07/18/2020,MI,Tuscola County,26157,12,205
07/22/2020,02/01/2020,07/18/2020,MI,Washtenaw County,26161,246,1973
07/22/2020,02/01/2020,07/18/2020,MI,Wayne County,26163,2178,11060
07/22/2020,02/01/2020,07/18/2020,MN,Anoka County,27003,126,1082
07/22/2020,02/01/2020,07/18/2020,MN,Clay County,27027,26,159
07/22/2020,02/01/2020,07/18/2020,MN,Crow Wing County,27035,12,286
07/22/2020,02/01/2020,07/18/2020,MN,Dakota County,27037,56,1118
07/22/2020,02/01/2020,07/18/2020,MN,Hennepin County,27053,771,5653
07/22/2020,02/01/2020,07/18/2020,MN,Olmsted County,27109,25,948
07/22/2020,02/01/2020,07/18/2020,MN,Ramsey County,27123,304,2719
07/22/2020,02/01/2020,07/18/2020,MN,St. Louis County,27137,21,1307
07/22/2020,02/01/2020,07/18/2020,MN,Stearns County,27145,27,842
07/22/2020,02/01/2020,07/18/2020,MN,Washington County,27163,24,736
07/22/2020,02/01/2020,07/18/2020,MN,Winona County,27169,17,186
07/22/2020,02/01/2020,07/18/2020,MS,Adams County,28001,21,194
07/22/2020,02/01/2020,07/18/2020,MS,Attala County,28007,12,119
07/22/2020,02/01/2020,07/18/2020,MS,Bolivar County,28011,15,166
07/22/2020,02/01/2020,07/18/2020,MS,DeSoto County,28033,28,689
07/22/2020,02/01/2020,07/18/2020,MS,Forrest County,28035,94,780
07/22/2020,02/01/2020,07/18/2020,MS,Hancock County,28045,10,185
07/22/2020,02/01/2020,07/18/2020,MS,Harrison County,28047,19,1121
07/22/2020,02/01/2020,07/18/2020,MS,Hinds County,28049,207,2162
07/22/2020,02/01/2020,07/18/2020,MS,Holmes County,28051,15,85
07/22/2020,02/01/2020,07/18/2020,MS,Jackson County,28059,24,739
07/22/2020,02/01/2020,07/18/2020,MS,Jones County,28067,43,360
07/22/2020,02/01/2020,07/18/2020,MS,Lafayette County,28071,25,372
07/22/2020,02/01/2020,07/18/2020,MS,Lamar County,28073,15,239
07/22/2020,02/01/2020,07/18/2020,MS,Lauderdale County,28075,160,748
07/22/2020,02/01/2020,07/18/2020,MS,Lee County,28081,81,1015
07/22/2020,02/01/2020,07/18/2020,MS,Leflore County,28083,53,268
07/22/2020,02/01/2020,07/18/2020,MS,Lincoln County,28085,28,200
07/22/2020,02/01/2020,07/18/2020,MS,Lowndes County,28087,29,383
07/22/2020,02/01/2020,07/18/2020,MS,Madison County,28089,16,483
07/22/2020,02/01/2020,07/18/2020,MS,Monroe County,28095,26,203
07/22/2020,02/01/2020,07/18/2020,MS,Oktibbeha County,28105,22,140
07/22/2020,02/01/2020,07/18/2020,MS,Pearl River County,28109,11,277
07/22/2020,02/01/2020,07/18/2020,MS,Pike County,28113,19,266
07/22/2020,02/01/2020,07/18/2020,MS,Rankin County,28121,11,473
07/22/2020,02/01/2020,07/18/2020,MS,Warren County,28149,29,275
07/22/2020,02/01/2020,07/18/2020,MS,Washington County,28151,14,293
07/22/2020,02/01/2020,07/18/2020,MS,Wayne County,28153,14,97
07/22/2020,02/01/2020,07/18/2020,MO,Clay County,29047,25,1042
07/22/2020,02/01/2020,07/18/2020,MO,Franklin County,29071,12,427
07/22/2020,02/01/2020,07/18/2020,MO,Greene County,29077,15,1985
07/22/2020,02/01/2020,07/18/2020,MO,Jackson County,29095,71,3651
07/22/2020,02/01/2020,07/18/2020,MO,Jefferson County,29099,17,702
07/22/2020,02/01/2020,07/18/2020,MO,Newton County,29145,11,664
07/22/2020,02/01/2020,07/18/2020,MO,St. Charles County,29183,76,1428
07/22/2020,02/01/2020,07/18/2020,MO,St. Louis County,29189,561,6232
07/22/2020,02/01/2020,07/18/2020,MO,St. Louis city,29510,150,2198
07/22/2020,02/01/2020,07/18/2020,MT,Yellowstone County,30111,13,923
07/22/2020,02/01/2020,07/18/2020,NE,Adams County,31001,12,145
07/22/2020,02/01/2020,07/18/2020,NE,Buffalo County,31019,12,259
07/22/2020,02/01/2020,07/18/2020,NE,Douglas County,31055,133,2487
07/22/2020,02/01/2020,07/18/2020,NE,Hall County,31079,34,242
07/22/2020,02/01/2020,07/18/2020,NE,Hamilton County,31081,14,42
07/22/2020,02/01/2020,07/18/2020,NE,Lancaster County,31109,30,1309
07/22/2020,02/01/2020,07/18/2020,NV,Clark County,32003,471,8969
07/22/2020,02/01/2020,07/18/2020,NV,Washoe County,32031,97,2284
07/22/2020,02/01/2020,07/18/2020,NH,Hillsborough County,33011,270,1948
07/22/2020,02/01/2020,07/18/2020,NH,Merrimack County,33013,20,748
07/22/2020,02/01/2020,07/18/2020,NH,Rockingham County,33015,77,1159
07/22/2020,02/01/2020,07/18/2020,NJ,Atlantic County,34001,188,1538
07/22/2020,02/01/2020,07/18/2020,NJ,Bergen County,34003,2021,5948
07/22/2020,02/01/2020,07/18/2020,NJ,Burlington County,34005,401,2036
07/22/2020,02/01/2020,07/18/2020,NJ,Camden County,34007,521,3358
07/22/2020,02/01/2020,07/18/2020,NJ,Cape May County,34009,70,570
07/22/2020,02/01/2020,07/18/2020,NJ,Cumberland County,34011,112,841
07/22/2020,02/01/2020,07/18/2020,NJ,Essex County,34013,1966,5521
07/22/2020,02/01/2020,07/18/2020,NJ,Gloucester County,34015,184,1413
07/22/2020,02/01/2020,07/18/2020,NJ,Hudson County,34017,1062,2896
07/22/2020,02/01/2020,07/18/2020,NJ,Hunterdon County,34019,118,513
07/22/2020,02/01/2020,07/18/2020,NJ,Mercer County,34021,498,1859
07/22/2020,02/01/2020,07/18/2020,NJ,Middlesex County,34023,1418,4736
07/22/2020,02/01/2020,07/18/2020,NJ,Monmouth County,34025,824,3843
07/22/2020,02/01/2020,07/18/2020,NJ,Morris County,34027,963,3382
07/22/2020,02/01/2020,07/18/2020,NJ,Ocean County,34029,797,4111
07/22/2020,02/01/2020,07/18/2020,NJ,Passaic County,34031,961,2779
07/22/2020,02/01/2020,07/18/2020,NJ,Salem County,34033,59,355
07/22/2020,02/01/2020,07/18/2020,NJ,Somerset County,34035,386,1528
07/22/2020,02/01/2020,07/18/2020,NJ,Sussex County,34037,154,699
07/22/2020,02/01/2020,07/18/2020,NJ,Union County,34039,973,3079
07/22/2020,02/01/2020,07/18/2020,NJ,Warren County,34041,135,560
07/22/2020,02/01/2020,07/18/2020,NM,Bernalillo County,35001,219,3483
07/22/2020,02/01/2020,07/18/2020,NM,Dona Ana County,35013,10,874
07/22/2020,02/01/2020,07/18/2020,NM,McKinley County,35031,65,266
07/22/2020,02/01/2020,07/18/2020,NM,Sandoval County,35043,53,625
07/22/2020,02/01/2020,07/18/2020,NM,San Juan County,35045,148,616
07/22/2020,02/01/2020,07/18/2020,NM,Santa Fe County,35049,10,617
07/22/2020,02/01/2020,07/18/2020,NY,Albany County,36001,182,1945
07/22/2020,02/01/2020,07/18/2020,NY,Bronx County,36005,4223,10728
07/22/2020,02/01/2020,07/18/2020,NY,Broome County,36007,77,1206
07/22/2020,02/01/2020,07/18/2020,NY,Columbia County,36021,47,322
07/22/2020,02/01/2020,07/18/2020,NY,Dutchess County,36027,196,1432
07/22/2020,02/01/2020,07/18/2020,NY,Erie County,36029,682,5577
07/22/2020,02/01/2020,07/18/2020,NY,Fulton County,36035,29,246
07/22/2020,02/01/2020,07/18/2020,NY,Kings County,36047,6006,14665
07/22/2020,02/01/2020,07/18/2020,NY,Madison County,36053,12,255
07/22/2020,02/01/2020,07/18/2020,NY,Monroe County,36055,317,4039
07/22/2020,02/01/2020,07/18/2020,NY,Nassau County,36059,3165,9362
07/22/2020,02/01/2020,07/18/2020,NY,New York County,36061,3896,10809
07/22/2020,02/01/2020,07/18/2020,NY,Niagara County,36063,77,1100
07/22/2020,02/01/2020,07/18/2020,NY,Oneida County,36065,115,1449
07/22/2020,02/01/2020,07/18/2020,NY,Onondaga County,36067,223,2772
07/22/2020,02/01/2020,07/18/2020,NY,Ontario County,36069,31,541
07/22/2020,02/01/2020,07/18/2020,NY,Orange County,36071,471,1830
07/22/2020,02/01/2020,07/18/2020,NY,Orleans County,36073,43,176
07/22/2020,02/01/2020,07/18/2020,NY,Otsego County,36077,11,391
07/22/2020,02/01/2020,07/18/2020,NY,Putnam County,36079,67,307
07/22/2020,02/01/2020,07/18/2020,NY,Queens County,36081,5367,12948
07/22/2020,02/01/2020,07/18/2020,NY,Rensselaer County,36083,36,709
07/22/2020,02/01/2020,07/18/2020,NY,Richmond County,36085,967,2891
07/22/2020,02/01/2020,07/18/2020,NY,Rockland County,36087,647,1791
07/22/2020,02/01/2020,07/18/2020,NY,Schenectady County,36093,27,811
07/22/2020,02/01/2020,07/18/2020,NY,Steuben County,36101,36,462
07/22/2020,02/01/2020,07/18/2020,NY,Suffolk County,36103,2654,8870
07/22/2020,02/01/2020,07/18/2020,NY,Sullivan County,36105,41,326
07/22/2020,02/01/2020,07/18/2020,NY,Tioga County,36107,18,155
07/22/2020,02/01/2020,07/18/2020,NY,Ulster County,36111,56,702
07/22/2020,02/01/2020,07/18/2020,NY,Warren County,36113,42,465
07/22/2020,02/01/2020,07/18/2020,NY,Washington County,36115,12,260
07/22/2020,02/01/2020,07/18/2020,NY,Westchester County,36119,1837,5504
07/22/2020,02/01/2020,07/18/2020,NC,Alamance County,37001,14,651
07/22/2020,02/01/2020,07/18/2020,NC,Buncombe County,37021,48,1430
07/22/2020,02/01/2020,07/18/2020,NC,Burke County,37023,18,368
07/22/2020,02/01/2020,07/18/2020,NC,Cabarrus County,37025,39,742
07/22/2020,02/01/2020,07/18/2020,NC,Catawba County,37035,14,722
07/22/2020,02/01/2020,07/18/2020,NC,Chatham County,37037,38,328
07/22/2020,02/01/2020,07/18/2020,NC,Columbus County,37047,15,267
07/22/2020,02/01/2020,07/18/2020,NC,Cumberland County,37051,44,1118
07/22/2020,02/01/2020,07/18/2020,NC,Davidson County,37057,13,553
07/22/2020,02/01/2020,07/18/2020,NC,Durham County,37063,89,1392
07/22/2020,02/01/2020,07/18/2020,NC,Forsyth County,37067,56,1937
07/22/2020,02/01/2020,07/18/2020,NC,Franklin County,37069,10,138
07/22/2020,02/01/2020,07/18/2020,NC,Guilford County,37081,129,2082
07/22/2020,02/01/2020,07/18/2020,NC,Harnett County,37085,19,328
07/22/2020,02/01/2020,07/18/2020,NC,Henderson County,37089,45,590
07/22/2020,02/01/2020,07/18/2020,NC,Hertford County,37091,18,116
07/22/2020,02/01/2020,07/18/2020,NC,Johnston County,37101,15,502
07/22/2020,02/01/2020,07/18/2020,NC,Lenoir County,37107,12,232
07/22/2020,02/01/2020,07/18/2020,NC,Mecklenburg County,37119,122,2840
07/22/2020,02/01/2020,07/18/2020,NC,Moore County,37125,20,536
07/22/2020,02/01/2020,07/18/2020,NC,New Hanover County,37129,17,1134
07/22/2020,02/01/2020,07/18/2020,NC,Orange County,37135,39,562
07/22/2020,02/01/2020,07/18/2020,NC,Pasquotank County,37139,13,213
07/22/2020,02/01/2020,07/18/2020,NC,Pitt County,37147,25,1011
07/22/2020,02/01/2020,07/18/2020,NC,Randolph County,37151,14,497
07/22/2020,02/01/2020,07/18/2020,NC,Robeson County,37155,30,486
07/22/2020,02/01/2020,07/18/2020,NC,Rowan County,37159,39,608
07/22/2020,02/01/2020,07/18/2020,NC,Union County,37179,17,500
07/22/2020,02/01/2020,07/18/2020,NC,Vance County,37181,35,236
07/22/2020,02/01/2020,07/18/2020,NC,Wake County,37183,66,2422
07/22/2020,02/01/2020,07/18/2020,NC,Wayne County,37191,32,612
07/22/2020,02/01/2020,07/18/2020,NC,Wilson County,37195,18,346
07/22/2020,02/01/2020,07/18/2020,ND,Cass County,38017,88,964
07/22/2020,02/01/2020,07/18/2020,OH,Allen County,39003,45,673
07/22/2020,02/01/2020,07/18/2020,OH,Ashtabula County,39007,32,449
07/22/2020,02/01/2020,07/18/2020,OH,Butler County,39017,54,1424
07/22/2020,02/01/2020,07/18/2020,OH,Clark County,39023,10,747
07/22/2020,02/01/2020,07/18/2020,OH,Columbiana County,39029,44,547
07/22/2020,02/01/2020,07/18/2020,OH,Cuyahoga County,39035,410,7633
07/22/2020,02/01/2020,07/18/2020,OH,Darke County,39037,18,240
07/22/2020,02/01/2020,07/18/2020,OH,Erie County,39043,17,522
07/22/2020,02/01/2020,07/18/2020,OH,Fairfield County,39045,12,664
07/22/2020,02/01/2020,07/18/2020,OH,Franklin County,39049,483,6560
07/22/2020,02/01/2020,07/18/2020,OH,Geauga County,39055,46,445
07/22/2020,02/01/2020,07/18/2020,OH,Hamilton County,39061,175,4676
07/22/2020,02/01/2020,07/18/2020,OH,Lake County,39085,11,893
07/22/2020,02/01/2020,07/18/2020,OH,Lorain County,39093,44,1241
07/22/2020,02/01/2020,07/18/2020,OH,Lucas County,39095,323,2850
07/22/2020,02/01/2020,07/18/2020,OH,Mahoning County,39099,221,1766
07/22/2020,02/01/2020,07/18/2020,OH,Marion County,39101,26,333
07/22/2020,02/01/2020,07/18/2020,OH,Medina County,39103,20,638
07/22/2020,02/01/2020,07/18/2020,OH,Miami County,39109,19,448
07/22/2020,02/01/2020,07/18/2020,OH,Montgomery County,39113,59,3561
07/22/2020,02/01/2020,07/18/2020,OH,Ottawa County,39123,15,149
07/22/2020,02/01/2020,07/18/2020,OH,Pickaway County,39129,13,232
07/22/2020,02/01/2020,07/18/2020,OH,Portage County,39133,42,651
07/22/2020,02/01/2020,07/18/2020,OH,Putnam County,39137,10,114
07/22/2020,02/01/2020,07/18/2020,OH,Stark County,39151,110,2258
07/22/2020,02/01/2020,07/18/2020,OH,Summit County,39153,180,3012
07/22/2020,02/01/2020,07/18/2020,OH,Trumbull County,39155,41,991
07/22/2020,02/01/2020,07/18/2020,OH,Tuscarawas County,39157,10,517
07/22/2020,02/01/2020,07/18/2020,OH,Warren County,39165,19,789
07/22/2020,02/01/2020,07/18/2020,OH,Washington County,39167,21,384
07/22/2020,02/01/2020,07/18/2020,OH,Wayne County,39169,53,546
07/22/2020,02/01/2020,07/18/2020,OH,Wood County,39173,33,607
07/22/2020,02/01/2020,07/18/2020,OK,Cleveland County,40027,44,899
07/22/2020,02/01/2020,07/18/2020,OK,Delaware County,40041,16,215
07/22/2020,02/01/2020,07/18/2020,OK,Muskogee County,40101,13,429
07/22/2020,02/01/2020,07/18/2020,OK,Oklahoma County,40109,114,4607
07/22/2020,02/01/2020,07/18/2020,OK,Tulsa County,40143,124,3823
07/22/2020,02/01/2020,07/18/2020,OK,Washington County,40147,34,333
07/22/2020,02/01/2020,07/18/2020,OR,Clackamas County,41005,30,1633
07/22/2020,02/01/2020,07/18/2020,OR,Linn County,41043,10,693
07/22/2020,02/01/2020,07/18/2020,OR,Marion County,41047,45,1395
07/22/2020,02/01/2020,07/18/2020,OR,Multnomah County,41051,98,3144
07/22/2020,02/01/2020,07/18/2020,OR,Washington County,41067,30,1692
07/22/2020,02/01/2020,07/18/2020,PA,Adams County,42001,12,424
07/22/2020,02/01/2020,07/18/2020,PA,Allegheny County,42003,235,7422
07/22/2020,02/01/2020,07/18/2020,PA,Beaver County,42007,81,919
07/22/2020,02/01/2020,07/18/2020,PA,Berks County,42011,343,2058
07/22/2020,02/01/2020,07/18/2020,PA,Bucks County,42017,557,3297
07/22/2020,02/01/2020,07/18/2020,PA,Carbon County,42025,15,265
07/22/2020,02/01/2020,07/18/2020,PA,Chester County,42029,387,2283
07/22/2020,02/01/2020,07/18/2020,PA,Columbia County,42037,26,200
07/22/2020,02/01/2020,07/18/2020,PA,Cumberland County,42041,99,1211
07/22/2020,02/01/2020,07/18/2020,PA,Dauphin County,42043,161,1623
07/22/2020,02/01/2020,07/18/2020,PA,Delaware County,42045,681,2909
07/22/2020,02/01/2020,07/18/2020,PA,Erie County,42049,16,1306
07/22/2020,02/01/2020,07/18/2020,PA,Franklin County,42055,47,776
07/22/2020,02/01/2020,07/18/2020,PA,Lackawanna County,42069,234,1496
07/22/2020,02/01/2020,07/18/2020,PA,Lancaster County,42071,376,2784
07/22/2020,02/01/2020,07/18/2020,PA,Lebanon County,42075,49,692
07/22/2020,02/01/2020,07/18/2020,PA,Lehigh County,42077,477,2567
07/22/2020,02/01/2020,07/18/2020,PA,Luzerne County,42079,179,1882
07/22/2020,02/01/2020,07/18/2020,PA,Lycoming County,42081,23,541
07/22/2020,02/01/2020,07/18/2020,PA,Mercer County,42085,12,580
07/22/2020,02/01/2020,07/18/2020,PA,Monroe County,42089,101,667
07/22/2020,02/01/2020,07/18/2020,PA,Montgomery County,42091,1090,4876
07/22/2020,02/01/2020,07/18/2020,PA,Montour County,42093,29,501
07/22/2020,02/01/2020,07/18/2020,PA,Northampton County,42095,257,1469
07/22/2020,02/01/2020,07/18/2020,PA,Philadelphia County,42101,1484,8458
07/22/2020,02/01/2020,07/18/2020,PA,Pike County,42103,12,149
07/22/2020,02/01/2020,07/18/2020,PA,Schuylkill County,42107,30,739
07/22/2020,02/01/2020,07/18/2020,PA,Susquehanna County,42115,33,219
07/22/2020,02/01/2020,07/18/2020,PA,Wayne County,42127,10,269
07/22/2020,02/01/2020,07/18/2020,PA,Westmoreland County,42129,33,1526
07/22/2020,02/01/2020,07/18/2020,PA,York County,42133,58,1933
07/22/2020,02/01/2020,07/18/2020,RI,Kent County,44003,104,770
07/22/2020,02/01/2020,07/18/2020,RI,Providence County,44007,776,3743
07/22/2020,02/01/2020,07/18/2020,RI,Washington County,44009,51,510
07/22/2020,02/01/2020,07/18/2020,SC,Anderson County,45007,18,1179
07/22/2020,02/01/2020,07/18/2020,SC,Beaufort County,45013,15,729
07/22/2020,02/01/2020,07/18/2020,SC,Berkeley County,45015,15,674
07/22/2020,02/01/2020,07/18/2020,SC,Charleston County,45019,77,2315
07/22/2020,02/01/2020,07/18/2020,SC,Chesterfield County,45025,12,216
07/22/2020,02/01/2020,07/18/2020,SC,Clarendon County,45027,29,166
07/22/2020,02/01/2020,07/18/2020,SC,Colleton County,45029,22,253
07/22/2020,02/01/2020,07/18/2020,SC,Darlington County,45031,29,294
07/22/2020,02/01/2020,07/18/2020,SC,Florence County,45041,127,1422
07/22/2020,02/01/2020,07/18/2020,SC,Greenville County,45045,112,2640
07/22/2020,02/01/2020,07/18/2020,SC,Horry County,45051,80,1993
07/22/2020,02/01/2020,07/18/2020,SC,Lancaster County,45057,11,397
07/22/2020,02/01/2020,07/18/2020,SC,Lexington County,45063,57,1385
07/22/2020,02/01/2020,07/18/2020,SC,Orangeburg County,45075,21,501
07/22/2020,02/01/2020,07/18/2020,SC,Richland County,45079,131,2030
07/22/2020,02/01/2020,07/18/2020,SC,Spartanburg County,45083,72,1800
07/22/2020,02/01/2020,07/18/2020,SC,Sumter County,45085,26,557
07/22/2020,02/01/2020,07/18/2020,SC,York County,45091,11,1015
07/22/2020,02/01/2020,07/18/2020,SD,Minnehaha County,46099,79,1152
07/22/2020,02/01/2020,07/18/2020,SD,Pennington County,46103,23,542
07/22/2020,02/01/2020,07/18/2020,TN,Davidson County,47037,163,4061
07/22/2020,02/01/2020,07/18/2020,TN,Hamilton County,47065,56,2595
07/22/2020,02/01/2020,07/18/2020,TN,Knox County,47093,21,3145
07/22/2020,02/01/2020,07/18/2020,TN,McMinn County,47107,11,292
07/22/2020,02/01/2020,07/18/2020,TN,Putnam County,47141,13,589
07/22/2020,02/01/2020,07/18/2020,TN,Rutherford County,47149,49,1304
07/22/2020,02/01/2020,07/18/2020,TN,Shelby County,47157,199,5174
07/22/2020,02/01/2020,07/18/2020,TN,Sumner County,47165,56,787
07/22/2020,02/01/2020,07/18/2020,TN,Williamson County,47187,16,589
07/22/2020,02/01/2020,07/18/2020,TX,Angelina County,48005,11,515
07/22/2020,02/01/2020,07/18/2020,TX,Bell County,48027,22,1419
07/22/2020,02/01/2020,07/18/2020,TX,Bexar County,48029,276,7200
07/22/2020,02/01/2020,07/18/2020,TX,Bowie County,48037,25,698
07/22/2020,02/01/2020,07/18/2020,TX,Brazoria County,48039,47,1053
07/22/2020,02/01/2020,07/18/2020,TX,Brazos County,48041,51,736
07/22/2020,02/01/2020,07/18/2020,TX,Brown County,48049,12,218
07/22/2020,02/01/2020,07/18/2020,TX,Cameron County,48061,155,1586
07/22/2020,02/01/2020,07/18/2020,TX,Collin County,48085,90,2854
07/22/2020,02/01/2020,07/18/2020,TX,Comal County,48091,20,628
07/22/2020,02/01/2020,07/18/2020,TX,Dallas County,48113,407,8459
07/22/2020,02/01/2020,07/18/2020,TX,Denton County,48121,56,1968
07/22/2020,02/01/2020,07/18/2020,TX,Ector County,48135,18,668
07/22/2020,02/01/2020,07/18/2020,TX,Ellis County,48139,18,570
07/22/2020,02/01/2020,07/18/2020,TX,El Paso County,48141,169,3018
07/22/2020,02/01/2020,07/18/2020,TX,Fort Bend County,48157,80,1666
07/22/2020,02/01/2020,07/18/2020,TX,Galveston County,48167,128,1278
07/22/2020,02/01/2020,07/18/2020,TX,Grayson County,48181,12,829
07/22/2020,02/01/2020,07/18/2020,TX,Gregg County,48183,33,904
07/22/2020,02/01/2020,07/18/2020,TX,Guadalupe County,48187,18,468
07/22/2020,02/01/2020,07/18/2020,TX,Harris County,48201,703,14786
07/22/2020,02/01/2020,07/18/2020,TX,Hidalgo County,48215,97,2330
07/22/2020,02/01/2020,07/18/2020,TX,Hunt County,48231,13,439
07/22/2020,02/01/2020,07/18/2020,TX,Jefferson County,48245,52,1511
07/22/2020,02/01/2020,07/18/2020,TX,Lamar County,48277,19,340
07/22/2020,02/01/2020,07/18/2020,TX,Lubbock County,48303,74,1803
07/22/2020,02/01/2020,07/18/2020,TX,McLennan County,48309,16,1184
07/22/2020,02/01/2020,07/18/2020,TX,Matagorda County,48321,10,141
07/22/2020,02/01/2020,07/18/2020,TX,Midland County,48329,16,524
07/22/2020,02/01/2020,07/18/2020,TX,Montgomery County,48339,61,2527
07/22/2020,02/01/2020,07/18/2020,TX,Nacogdoches County,48347,43,366
07/22/2020,02/01/2020,07/18/2020,TX,Nueces County,48355,19,1614
07/22/2020,02/01/2020,07/18/2020,TX,Panola County,48365,10,135
07/22/2020,02/01/2020,07/18/2020,TX,Potter County,48375,76,1053
07/22/2020,02/01/2020,07/18/2020,TX,Rockwall County,48397,24,401
07/22/2020,02/01/2020,07/18/2020,TX,Smith County,48423,44,1760
07/22/2020,02/01/2020,07/18/2020,TX,Tarrant County,48439,296,7594
07/22/2020,02/01/2020,07/18/2020,TX,Taylor County,48441,10,795
07/22/2020,02/01/2020,07/18/2020,TX,Travis County,48453,156,3317
07/22/2020,02/01/2020,07/18/2020,TX,Victoria County,48469,18,508
07/22/2020,02/01/2020,07/18/2020,TX,Walker County,48471,13,208
07/22/2020,02/01/2020,07/18/2020,TX,Washington County,48477,24,171
07/22/2020,02/01/2020,07/18/2020,TX,Webb County,48479,31,685
07/22/2020,02/01/2020,07/18/2020,TX,Williamson County,48491,56,1683
07/22/2020,02/01/2020,07/18/2020,UT,Salt Lake County,49035,148,3751
07/22/2020,02/01/2020,07/18/2020,UT,Utah County,49049,26,1343
07/22/2020,02/01/2020,07/18/2020,UT,Washington County,49053,22,857
07/22/2020,02/01/2020,07/18/2020,UT,Weber County,49057,16,965
07/22/2020,02/01/2020,07/18/2020,VT,Chittenden County,50007,49,791
07/22/2020,02/01/2020,07/18/2020,VA,Accomack County,51001,16,213
07/22/2020,02/01/2020,07/18/2020,VA,Albemarle County,51003,28,534
07/22/2020,02/01/2020,07/18/2020,VA,Arlington County,51013,154,752
07/22/2020,02/01/2020,07/18/2020,VA,Chesterfield County,51041,57,1240
07/22/2020,02/01/2020,07/18/2020,VA,Fairfax County,51059,453,2834
07/22/2020,02/01/2020,07/18/2020,VA,Hanover County,51085,65,663
07/22/2020,02/01/2020,07/18/2020,VA,Henrico County,51087,145,1662
07/22/2020,02/01/2020,07/18/2020,VA,Loudoun County,51107,128,963
07/22/2020,02/01/2020,07/18/2020,VA,Mecklenburg County,51117,28,231
07/22/2020,02/01/2020,07/18/2020,VA,Northampton County,51131,14,74
07/22/2020,02/01/2020,07/18/2020,VA,Page County,51139,22,129
07/22/2020,02/01/2020,07/18/2020,VA,Prince William County,51153,96,898
07/22/2020,02/01/2020,07/18/2020,VA,Rockingham County,51165,35,447
07/22/2020,02/01/2020,07/18/2020,VA,Shenandoah County,51171,23,230
07/22/2020,02/01/2020,07/18/2020,VA,Southampton County,51175,10,63
07/22/2020,02/01/2020,07/18/2020,VA,Spotsylvania County,51177,22,383
07/22/2020,02/01/2020,07/18/2020,VA,York County,51199,10,242
07/22/2020,02/01/2020,07/18/2020,VA,Alexandria city,51510,83,490
07/22/2020,02/01/2020,07/18/2020,VA,Charlottesville city,51540,23,476
07/22/2020,02/01/2020,07/18/2020,VA,Chesapeake city,51550,17,874
07/22/2020,02/01/2020,07/18/2020,VA,Emporia city,51595,12,59
07/22/2020,02/01/2020,07/18/2020,VA,Fredericksburg city,51630,26,417
07/22/2020,02/01/2020,07/18/2020,VA,Galax city,51640,30,108
07/22/2020,02/01/2020,07/18/2020,VA,Harrisonburg city,51660,14,142
07/22/2020,02/01/2020,07/18/2020,VA,Lynchburg city,51680,16,753
07/22/2020,02/01/2020,07/18/2020,VA,Manassas city,51683,77,281
07/22/2020,02/01/2020,07/18/2020,VA,Newport News city,51700,28,956
07/22/2020,02/01/2020,07/18/2020,VA,Norfolk city,51710,21,1234
07/22/2020,02/01/2020,07/18/2020,VA,Petersburg city,51730,44,386
07/22/2020,02/01/2020,07/18/2020,VA,Portsmouth city,51740,21,522
07/22/2020,02/01/2020,07/18/2020,VA,Richmond city,51760,57,1443
07/22/2020,02/01/2020,07/18/2020,VA,Roanoke city,51770,23,1132
07/22/2020,02/01/2020,07/18/2020,VA,Salem city,51775,18,449
07/22/2020,02/01/2020,07/18/2020,VA,Suffolk city,51800,41,455
07/22/2020,02/01/2020,07/18/2020,VA,Virginia Beach city,51810,35,1493
07/22/2020,02/01/2020,07/18/2020,VA,Winchester city,51840,28,529
07/22/2020,02/01/2020,07/18/2020,WA,Benton County,53005,95,957
07/22/2020,02/01/2020,07/18/2020,WA,Chelan County,53007,11,443
07/22/2020,02/01/2020,07/18/2020,WA,Clark County,53011,22,1839
07/22/2020,02/01/2020,07/18/2020,WA,Franklin County,53021,13,139
07/22/2020,02/01/2020,07/18/2020,WA,Island County,53029,12,275
07/22/2020,02/01/2020,07/18/2020,WA,King County,53033,576,6765
07/22/2020,02/01/2020,07/18/2020,WA,Pierce County,53053,100,3417
07/22/2020,02/01/2020,07/18/2020,WA,Skagit County,53057,12,581
07/22/2020,02/01/2020,07/18/2020,WA,Snohomish County,53061,145,2620
07/22/2020,02/01/2020,07/18/2020,WA,Spokane County,53063,44,2471
07/22/2020,02/01/2020,07/18/2020,WA,Whatcom County,53073,41,845
07/22/2020,02/01/2020,07/18/2020,WA,Yakima County,53077,139,1078
07/22/2020,02/01/2020,07/18/2020,WV,Berkeley County,54003,11,432
07/22/2020,02/01/2020,07/18/2020,WV,Kanawha County,54039,29,1349
07/22/2020,02/01/2020,07/18/2020,WV,Monongalia County,54061,13,711
07/22/2020,02/01/2020,07/18/2020,WV,Ohio County,54069,13,377
07/22/2020,02/01/2020,07/18/2020,WI,Brown County,55009,49,1324
07/22/2020,02/01/2020,07/18/2020,WI,Dane County,55025,45,2199
07/22/2020,02/01/2020,07/18/2020,WI,Grant County,55043,12,211
07/22/2020,02/01/2020,07/18/2020,WI,Kenosha County,55059,56,738
07/22/2020,02/01/2020,07/18/2020,WI,Milwaukee County,55079,384,4975
07/22/2020,02/01/2020,07/18/2020,WI,Outagamie County,55087,12,793
07/22/2020,02/01/2020,07/18/2020,WI,Ozaukee County,55089,47,560
07/22/2020,02/01/2020,07/18/2020,WI,Racine County,55101,47,868
07/22/2020,02/01/2020,07/18/2020,WI,Rock County,55105,21,807
07/22/2020,02/01/2020,07/18/2020,WI,Walworth County,55127,18,417
07/22/2020,02/01/2020,07/18/2020,WI,Waukesha County,55133,38,1697
07/22/2020,02/01/2020,07/18/2020,WI,Waupaca County,55135,10,292
07/22/2020,02/01/2020,07/18/2020,WI,Winnebago County,55139,14,820
